{"cameraMode":{"drawMode":0,"name":"Shaded","section":"Shading Mode"},"sceneLighting":false,"audioPlay":false,"sceneViewState":{"showFog":true,"showMaterialUpdate":false,"showSkybox":false,"showFlares":true,"showImageEffects":true,"showParticleSystems":true},"in2DMode":false,"pivot":{"x":-2.2424228191375734,"y":0.30768489837646487,"z":1.8389906883239747},"rotation":{"x":0.6283966302871704,"y":0.004668730311095715,"z":-0.003768127877265215,"w":0.7778784036636353},"size":3.0247445106506349,"orthographic":false}