{"cameraMode":{"drawMode":0,"name":"Shaded","section":"Shading Mode"},"sceneLighting":false,"audioPlay":false,"sceneViewState":{"showFog":true,"showMaterialUpdate":false,"showSkybox":false,"showFlares":true,"showImageEffects":true,"showParticleSystems":true},"in2DMode":false,"pivot":{"x":-1.4528446197509766,"y":-1.4639337062835694,"z":1.7299494743347169},"rotation":{"x":0.06911595165729523,"y":-0.46037837862968447,"z":0.03598172962665558,"w":0.8843027949333191},"size":5.274052619934082,"orthographic":false}