{"cameraMode":{"drawMode":0,"name":"Shaded","section":"Shading Mode"},"sceneLighting":false,"audioPlay":false,"sceneViewState":{"showFog":true,"showMaterialUpdate":false,"showSkybox":false,"showFlares":true,"showImageEffects":true,"showParticleSystems":true},"in2DMode":false,"pivot":{"x":-3.2549705505371095,"y":1.6817049980163575,"z":-0.2622337341308594},"rotation":{"x":0.15563860535621644,"y":-0.12264659255743027,"z":0.019466586410999299,"w":0.9799926280975342},"size":7.632501125335693,"orthographic":false}