{"cameraMode":{"drawMode":0,"name":"Shaded","section":"Shading Mode"},"sceneLighting":true,"audioPlay":false,"sceneViewState":{"showFog":true,"showMaterialUpdate":false,"showSkybox":true,"showFlares":true,"showImageEffects":true,"showParticleSystems":true},"in2DMode":false,"pivot":{"x":1.267635464668274,"y":4.046314239501953,"z":2.2567710876464845},"rotation":{"x":-0.07792605459690094,"y":-0.009555679745972157,"z":0.0007155014900490642,"w":-0.9969916343688965},"size":6.234256744384766,"orthographic":false}